{
    "best_coil_phase": [
        6.069040298461914,
        0.9468775391578674,
        2.118513345718384,
        3.1032254695892334,
        3.9198389053344727,
        4.38550329208374,
        4.879757881164551,
        5.355420112609863
    ],
    "best_coil_amplitude": [
        0.515458345413208,
        0.3032629191875458,
        0.4534124732017517,
        0.5953100323677063,
        0.7904174327850342,
        0.8575247526168823,
        0.8837538957595825,
        0.6900681853294373
    ],
    "best_coil_config_cost": 2.242943525314331,
    "default_coil_config_cost": 1.6072328090667725,
    "cost_improvement_absolute": -0.6357107162475586,
    "cost_improvement_relative": 0.39553120732307434,
    "cost_function_name": "B1HomogeneityCost",
    "cost_function_direction": "maximize",
    "simulation_data": "children_1_tubes_6_id_23713"
}