{
    "best_coil_phase": [
        4.664874076843262,
        5.288332462310791,
        5.9205546379089355,
        0.04500080645084381,
        0.6360453963279724,
        1.6266956329345703,
        2.594133138656616,
        3.911123037338257
    ],
    "best_coil_amplitude": [
        0.9000426530838013,
        0.8719727396965027,
        0.9602115750312805,
        0.7590603232383728,
        0.6033662557601929,
        0.2951987683773041,
        0.4679765999317169,
        0.6910727620124817
    ],
    "best_coil_config_cost": 7.219581604003906,
    "default_coil_config_cost": 1.6163216829299927,
    "cost_improvement_absolute": -5.603260040283203,
    "cost_improvement_relative": 3.4666738510131836,
    "cost_function_name": "B1HomogeneitySARCost",
    "cost_function_direction": "maximize",
    "simulation_data": "children_1_tubes_6_id_23713"
}