{
    "best_coil_phase": [
        3.3564765453338623,
        4.2292914390563965,
        4.668369770050049,
        4.879711627960205,
        2.3124136924743652,
        2.930072546005249,
        4.6175079345703125,
        1.708134651184082
    ],
    "best_coil_amplitude": [
        0.731281578540802,
        0.7762373089790344,
        0.5398473739624023,
        0.12043529003858566,
        0.7802470326423645,
        0.6477012634277344,
        0.6513587236404419,
        0.1794285774230957
    ],
    "best_coil_config_cost": 1.335457444190979,
    "default_coil_config_cost": 1.2821682691574097,
    "cost_improvement_absolute": -0.053289175033569336,
    "cost_improvement_relative": 0.04156176373362541,
    "cost_function_name": "B1HomogeneityCost",
    "cost_function_direction": "maximize",
    "simulation_data": "children_0_tubes_5_id_12346"
}