{
    "best_coil_phase": [
        3.2014827728271484,
        4.949689865112305,
        5.648646354675293,
        0.1121746152639389,
        0.8199033737182617,
        1.0589361190795898,
        1.4779011011123657,
        2.4060380458831787
    ],
    "best_coil_amplitude": [
        0.39494264125823975,
        0.4103117287158966,
        0.7005821466445923,
        0.746156632900238,
        0.8049619793891907,
        0.7761314511299133,
        0.7621796727180481,
        0.5325464010238647
    ],
    "best_coil_config_cost": 7.131814956665039,
    "default_coil_config_cost": 1.6163216829299927,
    "cost_improvement_absolute": -5.515493392944336,
    "cost_improvement_relative": 3.4123735427856445,
    "cost_function_name": "B1HomogeneitySARCost",
    "cost_function_direction": "maximize",
    "simulation_data": "children_1_tubes_6_id_23713"
}