{
    "best_coil_phase": [
        1.2610024213790894,
        2.320788621902466,
        3.6314961910247803,
        4.71976375579834,
        5.555964946746826,
        6.084952354431152,
        0.2339244931936264,
        0.6971287727355957
    ],
    "best_coil_amplitude": [
        0.5537698268890381,
        0.28627344965934753,
        0.3761714994907379,
        0.506560742855072,
        0.7468984723091125,
        0.8429387807846069,
        0.9090461730957031,
        0.7326194047927856
    ],
    "best_coil_config_cost": 2.242711067199707,
    "default_coil_config_cost": 1.6072328090667725,
    "cost_improvement_absolute": -0.6354782581329346,
    "cost_improvement_relative": 0.39538657665252686,
    "cost_function_name": "B1HomogeneityCost",
    "cost_function_direction": "maximize",
    "simulation_data": "children_1_tubes_6_id_23713"
}