{
    "best_coil_phase": [
        0.30608078837394714,
        0.9845371246337891,
        1.5425292253494263,
        1.7756699323654175,
        2.66575288772583,
        3.3205549716949463,
        4.6852030754089355,
        6.067329406738281
    ],
    "best_coil_amplitude": [
        0.9357696771621704,
        0.9017399549484253,
        0.959852397441864,
        0.6998558044433594,
        0.49139338731765747,
        0.3199225664138794,
        0.4413248896598816,
        0.7729701995849609
    ],
    "best_coil_config_cost": 7.234676837921143,
    "default_coil_config_cost": 1.6163216829299927,
    "cost_improvement_absolute": -5.6183552742004395,
    "cost_improvement_relative": 3.476012945175171,
    "cost_function_name": "B1HomogeneitySARCost",
    "cost_function_direction": "maximize",
    "simulation_data": "children_1_tubes_6_id_23713"
}